region,adoption_dec2025,adoption_dec2024,change_pts_per_year,gap_to_65_pts,unique_users_dec2025,users_to_reach_65,months_to_65_at_current_pace,assisted_txn_share_pct,share_of_remaining_gap_pct
Najran,60.86,58.31,2.55,4.14,7012,290,19.5,34.3,31.1
Northern Borders,62.7,60.27,2.43,2.3,7944,183,11.3,34.9,19.6
Al-Baha,62.78,59.09,3.69,2.22,7110,158,7.2,33.5,16.9
Jazan,63.03,60.15,2.88,1.97,7777,153,8.2,33.3,16.4
Asir,64.36,62.11,2.24,0.64,9941,64,3.4,34.4,6.9
Tabuk,64.48,61.06,3.43,0.52,9000,46,1.8,33.3,4.9
Hail,64.74,61.54,3.2,0.26,8912,23,1.0,33.0,2.5
Al-Jouf,64.82,60.91,3.91,0.18,8787,16,0.5,34.3,1.7
Qassim,66.11,63.66,2.44,0,10449,0,0,33.5,0.0
Madinah,68.23,65.85,2.38,0,11658,0,0,33.4,0.0
Eastern Province,68.7,66.52,2.18,0,12749,0,0,33.8,0.0
Makkah,70.7,67.0,3.7,0,13121,0,0,33.4,0.0
Riyadh,70.75,67.46,3.29,0,13357,0,0,34.6,0.0
